"","routeid","linknummer","richting","snelheid","uur","weekdag"
"1",570342848,84655,"t",10.252720297834,12,1
"2",595675853,338816,"t",18.6735923925262,12,1
"3",595675853,85392,"t",16.2430720165786,12,1
"4",595675853,84655,"f",12.8929907252395,12,1
"5",609398925,85392,"t",10.4332865769705,17,2
"6",619830181,1763641,"t",21.6869420034954,15,1
"7",619830181,2335900,"t",22.1501363456315,15,1
"8",619830181,567015,"f",11.49753131799,15,1
"9",619830181,567002,"t",20.353176549644,15,1
"10",619830181,566210,"t",21.1432151650664,15,1
"11",619830181,566209,"t",20.1906641135116,15,1
"12",619958143,84655,"f",10.3296333754137,13,2
"13",649300362,2335900,"t",22.7265030479121,13,1
"14",658728110,82239,"t",21.6213482821925,11,4
"15",658728110,84655,"t",28.0593496130216,11,4
"16",659842495,566209,"f",19.6385214704802,11,4
"17",659842495,566210,"f",16.3718383273571,11,4
"18",659842495,567002,"f",14.0442524627268,11,4
"19",659842495,567015,"t",13.0481754478991,11,4
"20",661151488,92323,"t",14.8879551951491,12,4
"21",662191616,92323,"t",9.89075737609383,12,4
"22",665563763,92323,"f",12.2368680055854,15,4
"23",665852725,1763641,"t",16.3773083467493,16,4
"24",665852725,2335900,"t",14.3581781179999,16,4
"25",666923520,85392,"f",16.4067153270293,15,4
"26",666923520,338816,"f",19.2452014951454,15,4
"27",666923520,92323,"f",12.4130432002421,15,4
"28",691582797,317281,"f",20.6673000462093,15,4
"29",691582881,566209,"f",23.2118236335708,12,5
"30",691582881,566210,"f",20.3542103703938,12,5
"31",691582881,567002,"f",22.1222665951878,12,5
"32",693073569,2335900,"t",25.6590494921492,13,5
"33",693073569,567002,"t",23.0889865232931,13,5
"34",693073569,566210,"t",23.3626535119778,13,5
"35",694102364,317281,"t",21.194685405087,14,5
"36",694102364,82239,"f",22.773964777957,14,5
"37",701663500,566209,"f",15.2970864134109,15,5
"38",701663500,566210,"f",11.8353853494449,15,5
"39",701663500,567002,"f",14.3102979105734,15,5
"40",701663500,567015,"t",9.39774679497951,15,5
"41",701663500,82239,"t",20.3537030836424,15,5
"42",702961282,567015,"f",13.6613106174516,17,5
"43",702961282,567002,"t",17.1051618877412,17,5
"44",702961282,566210,"t",17.8472315991115,17,5
"45",702961282,566209,"t",15.7261323233358,17,5
"46",713618764,1763641,"t",23.219585176254,15,1
"47",713618764,2335900,"t",21.972936905925,15,1
"48",716599567,84655,"t",13.59757601621,12,1
"49",716599567,85392,"f",18.1388481914977,12,1
"50",716599567,338816,"f",16.7893999912186,12,1
"51",721686795,338816,"t",17.5895100873559,11,6
"52",721686795,85392,"t",15.033316966036,11,6
"53",723335395,567015,"f",17.2376770171562,12,6
"54",723589593,567015,"t",13.2120826919681,12,6
"55",725280500,338816,"t",11.4991425000159,12,6
"56",725280500,85392,"t",7.01409181151402,12,6
"57",729626682,92323,"t",2.50759639507225,13,6
"58",732341622,1763641,"t",17.8392034523928,16,6
"59",732341622,2335900,"t",22.3742565426455,16,6
"60",735651358,1763641,"f",25.4674767810064,17,6
"61",753528768,317281,"f",26.7525587896122,10,0
"62",753528768,85392,"f",21.9814174200021,10,0
"63",753528768,338816,"f",15.4658887368242,10,0
"64",756211260,82239,"t",15.8549824169108,10,0
"65",756429790,338816,"t",20.0886014917661,13,6
"66",756429790,85392,"t",21.9922200576138,13,6
"67",756429790,84655,"f",15.8005706237398,13,6
"68",759999392,2335900,"t",24.8981970762777,14,0
"69",772096043,317281,"t",15.9338390561667,14,0
"70",772096043,82239,"f",31.2162647764611,14,0
"71",869379820,317281,"t",17.2092866226104,12,5
"72",869379820,82239,"f",15.1802031370666,12,5
"73",869401319,317281,"t",21.6336495308274,15,4
"74",570342848,1632305,"f",22.4280745753109,12,1
"75",570342848,1832864,"f",14.4301334891996,12,1
"76",590055566,2335905,"t",16.4247507895959,16,1
"77",590055594,44411,"t",26.5733148566727,17,1
"78",601306460,44411,"f",15.0214646096705,15,2
"79",611913181,86755,"t",14.4879539808068,20,2
"80",612935170,567027,"t",19.5407592749078,11,1
"81",619830181,2336297,"t",19.9623199052643,15,1
"82",619830181,2335904,"t",21.6868353460268,15,1
"83",619830181,567027,"f",15.2551032569434,15,1
"84",619830181,567016,"t",16.1565929316505,15,1
"85",622522212,86755,"f",23.621985224486,8,3
"86",629785987,86755,"t",23.1837402576792,13,3
"87",649300362,2335904,"t",20.0586651772405,13,1
"88",649300362,86072,"f",23.2196088773902,13,1
"89",649300362,87504,"t",15.8579898272057,13,1
"90",658728110,81807,"t",12.3920284626286,11,4
"91",658728110,1632305,"f",19.4556066503252,11,4
"92",658728110,1832864,"f",18.2804497749357,11,4
"93",659842495,567016,"f",13.0474106950741,11,4
"94",659842495,567027,"t",13.0487385102412,11,4
"95",659842495,44411,"f",15.6657135575333,11,4
"96",665164655,86755,"t",17.4031582195525,15,4
"97",665852725,2336297,"t",19.1541004635752,16,4
"98",665852725,2335904,"t",18.9747726391043,16,4
"99",667442284,2335905,"t",19.0869843610323,16,4
"100",687975745,562940,"f",11.181967196686,10,5
"101",691582881,567016,"f",19.4187673543804,12,5
"102",691582881,86072,"t",20.5465195862429,12,5
"103",691582881,2335905,"t",19.519700637946,12,5
"104",693073569,2335904,"t",24.4845613994938,13,5
"105",693073569,567016,"t",21.5358170941843,13,5
"106",693474158,86755,"t",16.1367242628507,13,5
"107",694102364,81807,"f",13.8862194894559,14,5
"108",699516225,567016,"t",15.5215004259515,16,5
"109",701379402,87504,"f",13.5240846448001,13,5
"110",701663466,1632305,"f",16.5715929754767,13,5
"111",701663466,1832864,"f",15.9750473853857,13,5
"112",701663500,567016,"f",14.1280776716291,15,5
"113",701663500,567027,"t",12.29102911057,15,5
"114",701663500,44411,"f",15.3798799453791,15,5
"115",702961282,567016,"t",16.3331780394648,17,5
"116",713618764,2336297,"t",21.5375913962438,15,1
"117",713618764,2335904,"t",28.1024486692996,15,1
"118",717312172,81807,"f",10.9856166773361,15,5
"119",721686795,86072,"f",17.4750802697203,11,6
"120",723335395,567016,"t",18.0567459218609,12,6
"121",723512993,1832864,"t",11.4591411228327,12,6
"122",723512993,1632305,"t",12.4140115911793,12,6
"123",723589593,567016,"f",16.1808082821875,12,6
"124",725680639,567027,"t",14.3236149228388,12,6
"125",730878759,81807,"f",8.0517718451313,12,6
"126",730878759,86755,"t",14.5620489135829,12,6
"127",731889837,86755,"f",17.0918316597724,15,6
"128",732341622,2336297,"t",19.258586153528,16,6
"129",732341622,2335904,"t",26.1553222842671,16,6
"130",732341622,86072,"f",23.031191393824,16,6
"131",732341622,87504,"t",19.9847535721973,16,6
"132",735651358,86072,"t",24.7867639343558,17,6
"133",735651358,2335905,"t",25.5021681979165,17,6
"134",735651358,2336297,"f",20.0699478000317,17,6
"135",756211260,562940,"f",12.1455223167746,10,0
"136",756211260,81807,"t",8.6745847666933,10,0
"137",756429790,1832864,"t",18.8559785339608,13,6
"138",756429790,1632305,"t",24.0626222077988,13,6
"139",759999392,2335904,"t",18.2168674698795,14,0
"140",759999392,86072,"f",23.4046915816074,14,0
"141",759999392,87504,"t",23.9967915606303,14,0
"142",772096043,1632305,"t",14.6127403281645,14,0
"143",772096043,81807,"f",9.94666104553357,14,0
"144",783531676,44411,"f",14.9122874949511,14,2
"145",861941743,562940,"t",24.2645785450421,13,5
"146",864580460,562940,"t",17.9869577636549,11,5
"147",869379820,1832864,"t",17.5927664780385,12,5
"148",869379820,1632305,"t",17.096327356464,12,5
"149",869401319,81807,"f",9.5133858101776,15,4
"150",874649619,86755,"f",17.3729089590274,13,5
"151",904583447,86755,"t",19.2875288537415,16,6
"152",921780267,562940,"t",13.3734896139192,13,0
"153",929628017,87504,"f",15.5628658650053,16,0
"154",929628017,86072,"t",22.7348886959094,16,0
"155",929628017,2335905,"t",14.9087348519479,16,0
"156",570342848,84652,"t",14.0475842711673,12,1
"157",571064750,84610,"t",18.866601878027,13,1
"158",571064750,84608,"t",21.3269985468471,13,1
"159",595675853,84652,"f",16.8086835152904,12,1
"160",608006478,84610,"t",22.3591737267774,18,2
"161",608006478,84608,"t",22.3519863803953,18,2
"162",612935170,567024,"t",21.476335330398,11,1
"163",619830181,2308566,"t",16.1922940450365,15,1
"164",619830181,2308557,"t",21.1979994515607,15,1
"165",619830181,567024,"f",14.7428797260958,15,1
"166",619958143,84652,"f",21.3012677543941,13,2
"167",629263188,82235,"f",13.2156755317178,12,3
"168",630184302,84608,"f",18.0214654593266,21,2
"169",630184302,84610,"f",14.3679582041871,21,2
"170",649300362,317489,"t",18.516784947988,13,1
"171",658728110,82235,"t",16.4203518480576,11,4
"172",658728110,84652,"t",32.1890653536396,11,4
"173",659842495,567024,"t",13.0485488880311,11,4
"174",659842495,567034,"f",6.07969647121544,11,4
"175",661641228,1744212,"f",12.6547303808426,12,4
"176",665164655,87785,"f",19.2029288947544,15,4
"177",665852725,2308566,"t",18.7823987316549,16,4
"178",667442284,2308557,"f",18.067549205552,16,4
"179",687388121,2308566,"t",13.1581974769489,17,2
"180",687388121,2308557,"t",15.1656815223945,17,2
"181",691582881,317489,"f",17.8364448161581,12,5
"182",693073569,2308566,"t",22.8710362729966,13,5
"183",693073569,2308557,"t",20.8167649641661,13,5
"184",694102364,82235,"f",15.1232486715046,14,5
"185",701663500,567024,"t",11.5260009729577,15,5
"186",701663500,567034,"f",16.6228050179095,15,5
"187",701663500,82235,"t",16.0471455807943,15,5
"188",703757275,567034,"t",26.3009655184645,18,5
"189",713618764,2308566,"t",21.6906365301995,15,1
"190",713618764,2308557,"t",22.1421989446997,15,1
"191",713618764,87785,"t",14.3845781644057,15,1
"192",713618764,1744212,"t",24.2631719770195,15,1
"193",716599567,84652,"t",20.6236337406635,12,1
"194",718122054,87785,"f",8.79523298212075,8,6
"195",721686795,317489,"t",4.22184679684933,11,6
"196",723589593,567024,"t",13.7732280600857,12,6
"197",725280500,84652,"f",18.07078320731,12,6
"198",725680639,567024,"t",11.6281808022401,12,6
"199",725680639,1744212,"t",15.7835529660722,12,6
"200",726141838,84608,"f",12.2113663304991,10,6
"201",726141838,84610,"f",12.6488743252353,10,6
"202",730878759,82235,"f",8.59130960259691,12,6
"203",730878759,87785,"f",8.571836750888,12,6
"204",730878759,567034,"f",2.73086419882412,12,6
"205",731889837,87785,"t",9.16295251896259,15,6
"206",732341622,317489,"t",19.3296785356012,16,6
"207",735651358,317489,"f",23.7408359143354,17,6
"208",748243317,84608,"f",23.6377720944682,14,1
"209",748243317,84610,"f",23.6329215908097,14,1
"210",753528768,1744212,"f",11.0440159887702,10,0
"211",753528768,83309,"f",23.7255970692107,10,0
"212",756211260,83309,"f",14.4768667292485,10,0
"213",756211260,82235,"t",13.3745526863988,10,0
"214",756429790,84652,"f",18.5790119327448,13,6
"215",759999392,317489,"t",22.2650940427415,14,0
"216",772096043,82235,"f",10.7476002763767,14,0
"217",797824316,82235,"t",13.3739748917236,14,3
"218",842922229,567034,"t",9.97583540803554,19,4
"219",842922229,87785,"t",18.4235284817756,19,4
"220",842922229,1744212,"t",16.2506494941708,19,4
"221",858683128,83309,"t",23.5722325746882,13,5
"222",861941743,83309,"t",22.1422787905497,13,5
"223",864580460,83309,"t",22.6626051721702,11,5
"224",869379820,82235,"f",6.57378623908708,12,5
"225",896112083,317489,"f",20.2238772678701,12,6
"226",904583447,87785,"f",14.9971162933188,16,6
"227",921780267,83309,"t",13.9455970577775,13,0
"228",929628017,317489,"f",24.5729614140735,16,0
"229",570342848,2007592,"t",19.5629855261865,12,1
"230",570342848,2295442,"f",17.0735754940726,12,1
"231",649300362,1604262,"t",21.2187855963999,13,1
"232",649300362,87505,"t",16.2896260182046,13,1
"233",658728110,81792,"t",18.9947404908863,11,4
"234",658728110,81808,"t",20.5077738487078,11,4
"235",658728110,82237,"t",21.6151189169918,11,4
"236",658728110,82246,"t",21.6216919815462,11,4
"237",658728110,82241,"f",18.4690889673806,11,4
"238",658728110,2007592,"t",21.4594190145923,11,4
"239",658728110,2295442,"f",17.1106753587086,11,4
"240",691582881,87505,"f",19.4698328452359,12,5
"241",691582881,1604262,"f",23.2112717879367,12,5
"242",693073569,1604262,"t",11.6676287871898,13,5
"243",694102364,82241,"t",22.3914643503804,14,5
"244",694102364,82246,"f",22.7770443263728,14,5
"245",694102364,82237,"f",22.9246791575242,14,5
"246",694102364,81808,"f",3.83723275480045,14,5
"247",694102364,81792,"f",19.9507474880438,14,5
"248",701379402,87505,"f",14.6417769785947,13,5
"249",701663466,2295442,"f",15.2940326118641,13,5
"250",701663500,82237,"t",20.2141241861344,15,5
"251",701663500,82246,"t",16.3365404491969,15,5
"252",701663500,82241,"f",14.6292614452254,15,5
"253",717312172,81792,"f",17.1876827849382,15,5
"254",723512993,2295442,"t",15.9760066190713,12,6
"255",723512993,2007592,"f",13.6025273608962,12,6
"256",730878759,81808,"f",13.7213988622575,12,6
"257",730878759,81792,"f",11.3597890521914,12,6
"258",732341622,87505,"t",21.8607021950843,16,6
"259",753528768,317276,"f",18.7241505682163,10,0
"260",753528768,82241,"f",26.902537378703,10,0
"261",753528768,2007592,"t",21.3179124412641,10,0
"262",756211260,317276,"f",9.32182509447811,10,0
"263",756211260,81792,"t",14.3882919890917,10,0
"264",756211260,81808,"t",11.5610409946751,10,0
"265",756211260,82237,"t",15.8514744574387,10,0
"266",756211260,82246,"t",15.8542134769213,10,0
"267",756211260,82241,"f",15.0881921758887,10,0
"268",756429790,2295442,"t",20.2125523204743,13,6
"269",756429790,2007592,"f",22.1334889375106,13,6
"270",759999392,1604262,"t",22.9177253351179,14,0
"271",759999392,87505,"t",23.4138023473314,14,0
"272",772096043,82241,"t",17.0331943723143,14,0
"273",772096043,82246,"f",20.185733674757,14,0
"274",772096043,82237,"f",31.2593335497593,14,0
"275",772096043,81808,"f",14.4377520779073,14,0
"276",772096043,81792,"f",11.6205503053263,14,0
"277",858683128,317276,"t",11.6781664167053,13,5
"278",861941743,317276,"t",37.1332616070149,13,5
"279",864580460,317276,"t",29.395801855248,11,5
"280",869379820,2295442,"t",20.7707216621976,12,5
"281",869379820,82241,"t",17.3813408859921,12,5
"282",869379820,82246,"f",12.2510206709264,12,5
"283",869379820,82237,"f",15.1847048133663,12,5
"284",869379820,81808,"f",18.0867598836534,12,5
"285",869401319,81808,"f",24.7087343987888,15,4
"286",921780267,317276,"t",14.7614600301991,13,0
"287",929628017,87505,"f",16.1609162092431,16,0
"288",929628017,1604262,"f",25.4253891855553,16,0
"289",570342848,83430,"t",16.2995760707266,12,1
"290",571064750,83430,"t",20.7467194613813,13,1
"291",590055566,2109157,"t",20.5090597085045,16,1
"292",595675853,317549,"f",15.8929607169392,12,1
"293",608006478,83430,"t",22.5583027088499,18,2
"294",611913181,86757,"t",16.4781659967894,20,2
"295",619830181,85339,"t",21.9837731388718,15,1
"296",619830181,2308564,"t",13.0226041026505,15,1
"297",622522212,86757,"f",23.2846569551114,8,3
"298",629785987,86757,"t",15.9029502891889,13,3
"299",630184302,83430,"f",14.9937681761529,21,2
"300",649300362,87509,"t",18.1461781218878,13,1
"301",665164655,86757,"t",20.9037598419312,15,4
"302",665852725,85339,"t",12.8681754945402,16,4
"303",665852725,2308564,"t",18.8230395592319,16,4
"304",666923520,317549,"t",17.3766977470291,15,4
"305",667442284,2109157,"t",18.4770069399874,16,4
"306",687388121,2308564,"t",13.1570785824321,17,2
"307",691582881,2109157,"t",23.0646474824829,12,5
"308",693073569,2308564,"t",19.2230676670693,13,5
"309",693474158,86757,"t",14.667620199893,13,5
"310",701379402,87509,"f",13.5210215285188,13,5
"311",701379402,317549,"f",13.4775497407614,13,5
"312",713618764,85339,"t",23.2363617892316,15,1
"313",713618764,2308564,"t",19.5884261651728,15,1
"314",721686795,317549,"f",12.1262264638638,11,6
"315",730878759,86757,"t",10.544522720767,12,6
"316",731889837,86757,"f",13.1561187160203,15,6
"317",732341622,85339,"t",23.5977040669643,16,6
"318",732341622,87509,"t",19.983970899813,16,6
"319",735651358,2109157,"t",25.341495332632,17,6
"320",735651358,85339,"f",25.3071756690493,17,6
"321",748243317,83430,"f",16.9866333205975,14,1
"322",759999392,87509,"t",23.9984360937045,14,0
"323",779206627,317549,"f",14.2038389472662,18,2
"324",874649619,86757,"f",17.3733384227783,13,5
"325",904583447,86757,"t",20.0558786272556,16,6
"326",929628017,87509,"f",15.5616998731119,16,0
"327",929628017,2109157,"t",27.3438430116087,16,0
"328",570342848,1632304,"f",19.0813169084438,12,1
"329",614437930,1744222,"t",8.84846378440752,13,2
"330",619830181,567003,"t",22.8900683003944,15,1
"331",619830181,567001,"t",21.2589963051939,15,1
"332",658728110,82044,"t",19.4552895848087,11,4
"333",658728110,317240,"t",18.0690918631297,11,4
"334",658728110,1632304,"f",21.6954380857922,11,4
"335",659842495,567001,"f",14.457673731247,11,4
"336",659842495,567003,"f",13.0474364846764,11,4
"337",659842495,1744222,"f",17.8406045518583,11,4
"338",665164655,87789,"t",19.8879264725327,15,4
"339",687388121,1744222,"t",14.5297424935885,17,2
"340",691582881,567001,"f",20.783051856747,12,5
"341",691582881,567003,"f",20.2020298746272,12,5
"342",693073569,567003,"t",22.8434859992339,13,5
"343",693073569,567001,"t",22.4950176718839,13,5
"344",693474158,87789,"t",17.721552467505,13,5
"345",694102364,317240,"f",19.8253838009264,14,5
"346",701663466,1632304,"f",17.3873829467649,13,5
"347",701663500,567001,"f",12.845481191273,15,5
"348",701663500,567003,"f",15.2765410931819,15,5
"349",701663500,1744222,"f",9.92313112763401,15,5
"350",702961282,567003,"t",16.4381959344983,17,5
"351",702961282,567001,"t",16.1565652341162,17,5
"352",723512993,1632304,"t",16.1843121956876,12,6
"353",730878759,317240,"f",13.3463432002547,12,6
"354",730878759,82044,"f",9.94741007419849,12,6
"355",730878759,87789,"t",14.8363163556323,12,6
"356",731889837,87789,"f",13.4469644418843,15,6
"357",753528768,82044,"t",27.136915761078,10,0
"358",753528768,1632304,"f",21.7989661107347,10,0
"359",756211260,82044,"t",15.8199391624822,10,0
"360",756211260,317240,"t",19.8000596732841,10,0
"361",756429790,1632304,"t",25.345988923855,13,6
"362",772096043,317240,"f",19.1300455705396,14,0
"363",772096043,82044,"f",13.2296096392451,14,0
"364",783531676,1744222,"f",10.1835443133785,14,2
"365",869379820,1632304,"t",18.9399694768312,12,5
"366",869379820,317240,"f",14.5526131706061,12,5
"367",869401319,317240,"f",24.0228451432167,15,4
"368",904583447,87789,"t",19.4769706312086,16,6
"369",570342848,567309,"f",19.090738447828,12,1
"370",570342848,1832860,"f",24.2617948154919,12,1
"371",590055566,2343636,"t",21.6893613172422,16,1
"372",611913181,86756,"t",15.7185542598863,20,2
"373",619830181,2109162,"t",24.3684541350725,15,1
"374",622522212,86756,"f",19.5185618686956,8,3
"375",629785987,86756,"t",24.5037872574673,13,3
"376",658728110,1632309,"t",6.31943614231803,11,4
"377",658728110,82243,"t",18.2531451089536,11,4
"378",658728110,567309,"f",21.3413434371288,11,4
"379",658728110,1832860,"f",19.8051951339941,11,4
"380",665164655,86756,"t",22.118015127675,15,4
"381",665852725,2109162,"t",20.8367916493378,16,4
"382",667442284,2343636,"t",23.6904006005909,16,4
"383",691582797,82247,"t",19.5567796128021,15,4
"384",691582881,87299,"t",14.9638140072204,12,5
"385",691582881,2343636,"t",22.2275012610945,12,5
"386",693474158,86756,"t",10.4726457013123,13,5
"387",694102364,82247,"f",22.7082411293215,14,5
"388",694102364,82243,"f",20.4828886031228,14,5
"389",694102364,1632309,"f",15.771235130704,14,5
"390",701663466,1832860,"f",17.1110866730846,13,5
"391",701663500,82243,"t",13.6528549739426,15,5
"392",713618764,2109162,"t",23.6555192095373,15,1
"393",717312172,1632309,"f",10.9736146371731,15,5
"394",721686795,87299,"f",5.12589214946055,11,6
"395",723512993,1832860,"t",10.654437353603,12,6
"396",723512993,567309,"t",12.8215067999257,12,6
"397",730878759,1632309,"f",10.4269359585629,12,6
"398",730878759,86756,"t",9.85744656243036,12,6
"399",731889837,86756,"f",13.7124080187665,15,6
"400",732341622,2109162,"t",21.1286692347226,16,6
"401",732341622,87299,"f",15.0932594096601,16,6
"402",735651358,87299,"t",23.7419667317312,17,6
"403",735651358,2343636,"t",25.1598838053243,17,6
"404",735651358,2109162,"f",28.0485119968559,17,6
"405",753528768,82247,"t",25.2724497564911,10,0
"406",753528768,567309,"f",21.6743520928602,10,0
"407",756211260,1632309,"t",8.67397917778189,10,0
"408",756211260,82243,"t",13.8061655343141,10,0
"409",756211260,82247,"t",16.463440704405,10,0
"410",756429790,1832860,"t",19.6630481639936,13,6
"411",756429790,567309,"t",24.8311321516937,13,6
"412",759999392,87299,"f",19.3208186758553,14,0
"413",772096043,1832860,"t",14.2860072669417,14,0
"414",772096043,567309,"t",20.013776507478,14,0
"415",772096043,82247,"f",16.205850694517,14,0
"416",772096043,82243,"f",13.7114150460169,14,0
"417",772096043,1632309,"f",9.94785288605742,14,0
"418",869379820,1832860,"t",16.7713129409925,12,5
"419",869379820,82243,"f",15.2917939374085,12,5
"420",869401319,82247,"f",22.9785922600821,15,4
"421",869401319,1632309,"f",13.1960596982365,15,4
"422",874649619,86756,"f",17.3730698684027,13,5
"423",879374684,82247,"f",17.3677089205113,15,5
"424",904583447,86756,"t",17.737871176956,16,6
"425",929628017,2343636,"t",29.0903201822287,16,0
"426",570342848,567175,"f",18.4246591817503,12,1
"427",571064750,566928,"t",21.9921798005218,13,1
"428",571064750,84616,"t",18.8677028161499,13,1
"429",595675853,85393,"t",19.0190129287915,12,1
"430",595675853,85396,"t",18.7494180801899,12,1
"431",608006478,566928,"t",22.4969082941361,18,2
"432",608006478,84616,"t",25.3568642159211,18,2
"433",609398925,85393,"t",16.9292311185536,17,2
"434",609398925,85396,"t",10.4308081111215,17,2
"435",609398925,567175,"t",0,17,2
"436",619787972,85340,"t",16.673343355453,12,1
"437",619830181,1763643,"t",21.6009085356552,15,1
"438",619830181,85340,"t",21.685790893761,15,1
"439",619830181,2109164,"t",22.410250251683,15,1
"440",619830181,2335903,"t",21.6255688125773,15,1
"441",629263188,82240,"f",10.4109761468277,12,3
"442",630184302,84616,"f",14.3669043976697,21,2
"443",630184302,566928,"f",17.9324082992779,21,2
"444",658728110,82240,"t",15.228138639544,11,4
"445",661151488,339047,"t",16.381702067058,12,4
"446",662191616,339047,"t",11.6050564605805,12,4
"447",665563763,339047,"f",18.1691140131498,15,4
"448",665852725,1763643,"t",16.3618978711824,16,4
"449",665852725,85340,"t",13.8432410395093,16,4
"450",665852725,2109164,"t",22.0900348308708,16,4
"451",665852725,2335903,"t",16.5719397618249,16,4
"452",666923520,85396,"f",16.408895465163,15,4
"453",666923520,85393,"f",18.8203703484986,15,4
"454",666923520,339047,"f",15.2844563695621,15,4
"455",687388121,2335903,"t",17.0077414029676,17,2
"456",693073569,2335903,"t",24.4613792930448,13,5
"457",694102364,82240,"f",16.1102132469197,14,5
"458",701663500,82240,"t",17.0058529870656,15,5
"459",713618764,1763643,"t",21.3252352349693,15,1
"460",713618764,85340,"t",23.2182663108351,15,1
"461",713618764,2109164,"t",22.8072726561013,15,1
"462",713618764,2335903,"t",22.9798236140083,15,1
"463",716599567,85396,"f",17.0406873233555,12,1
"464",716599567,85393,"f",19.3045744204027,12,1
"465",721686795,85393,"t",17.1164803015902,11,6
"466",721686795,85396,"t",15.0371599133675,11,6
"467",725280500,85393,"t",13.9841461672021,12,6
"468",725280500,85396,"t",1.69553812711941,12,6
"469",725280500,567175,"t",15.3353954020954,12,6
"470",726141838,84616,"f",10.2067361938634,10,6
"471",726141838,566928,"f",18.0306598880487,10,6
"472",729626682,339047,"t",7.43558240817079,13,6
"473",730878759,82240,"f",11.9631674354908,12,6
"474",732341622,1763643,"t",19.5137050213135,16,6
"475",732341622,85340,"t",19.7431486115068,16,6
"476",732341622,2109164,"t",22.9155700202023,16,6
"477",735651358,2109164,"f",22.4083094661744,17,6
"478",735651358,85340,"f",25.3008282420307,17,6
"479",735651358,1763643,"f",28.2879298524451,17,6
"480",748243317,84616,"f",22.1481633660076,14,1
"481",748243317,566928,"f",19.7679241731277,14,1
"482",753528768,567175,"f",27.2389074237006,10,0
"483",753528768,85396,"f",21.9897928972015,10,0
"484",753528768,85393,"f",20.8262091905129,10,0
"485",756211260,82240,"t",16.94366087548,10,0
"486",756429790,85393,"t",22.8270795333578,13,6
"487",756429790,85396,"t",18.4480733586926,13,6
"488",756429790,567175,"t",31.2959153700409,13,6
"489",772096043,82240,"f",12.955365251808,14,0
"490",797824316,82240,"t",15.0210174286505,14,3
"491",869379820,82240,"f",11.4653855490042,12,5
"492",869401319,82240,"f",20.0246623242809,15,4
"493",571064750,84609,"t",18.8555497137782,13,1
"494",590055566,2343637,"t",25.5974343538723,16,1
"495",590055566,2109158,"t",19.955396328959,16,1
"496",595675853,85386,"f",16.0313577880352,12,1
"497",602699618,566960,"t",10.8438717464728,15,2
"498",602699618,1744223,"f",10.8417531984138,15,2
"499",608006478,84609,"t",22.3562260777352,18,2
"500",609398925,85386,"f",10.4329349068449,17,2
"501",614437930,1744223,"t",8.8468995863981,13,2
"502",619830181,2109160,"t",22.6816816274766,15,1
"503",619830181,2335901,"t",22.2472499139245,15,1
"504",630184302,84609,"f",14.3551541139106,21,2
"505",649300362,2109160,"t",21.3009270996563,13,1
"506",649300362,2335901,"t",24.8714057513116,13,1
"507",649300362,86073,"f",19.2986986455524,13,1
"508",658728110,81791,"t",8.01707983805824,11,4
"509",658728110,82244,"t",20.0444528000174,11,4
"510",659842495,566960,"t",17.8420294124696,11,4
"511",659842495,1744223,"f",17.842737452643,11,4
"512",665852725,2109160,"t",20.3998871440834,16,4
"513",665852725,2335901,"t",18.6106649390631,16,4
"514",667442284,2343637,"t",18.7454338488802,16,4
"515",667442284,2109158,"t",42.8205676831785,16,4
"516",687388121,566960,"f",14.624349017007,17,2
"517",691582881,86073,"t",22.895232763282,12,5
"518",691582881,2343637,"t",20.9357536899149,12,5
"519",691582881,2109158,"t",22.8577461990259,12,5
"520",693073569,2109160,"t",6.11944812143363,13,5
"521",693073569,2335901,"t",23.7354549560437,13,5
"522",694102364,82244,"f",20.3352077199925,14,5
"523",694102364,81791,"f",20.9844703902925,14,5
"524",701663500,566960,"t",14.3668855523222,15,5
"525",701663500,1744223,"f",8.58543811721639,15,5
"526",701663500,82244,"t",15.5915904670177,15,5
"527",713618764,2109160,"t",23.5752717256909,15,1
"528",713618764,2335901,"t",24.4486310862038,15,1
"529",716599567,85386,"t",15.3280755947651,12,1
"530",717312172,81791,"f",14.7129844330631,15,5
"531",721686795,86073,"f",19.4506939693718,11,6
"532",721686795,85386,"f",19.0697489657985,11,6
"533",725280500,85386,"f",14.0110279177867,12,6
"534",726141838,84609,"f",12.2232036848817,10,6
"535",730878759,81791,"f",12.4255486148998,12,6
"536",732341622,2109160,"t",21.6741848068556,16,6
"537",732341622,2335901,"t",22.9039692408092,16,6
"538",732341622,86073,"f",22.2405724236017,16,6
"539",735651358,86073,"t",28.5256336339818,17,6
"540",735651358,2343637,"t",24.4685004721603,17,6
"541",735651358,2109158,"t",24.7276141257699,17,6
"542",748243317,84609,"f",23.6728835173089,14,1
"543",753528768,85386,"t",26.3029303859739,10,0
"544",756211260,81791,"t",13.8308062973428,10,0
"545",756211260,82244,"t",15.7953040554232,10,0
"546",756429790,85386,"f",20.8890820652731,13,6
"547",759999392,2109160,"t",21.0624352462254,14,0
"548",759999392,2335901,"t",24.6359061104162,14,0
"549",759999392,86073,"f",20.1822533677542,14,0
"550",772096043,82244,"f",14.3246023224002,14,0
"551",772096043,81791,"f",13.7918013773373,14,0
"552",783531676,566960,"t",10.9983507412872,14,2
"553",783531676,1744223,"f",9.68751184949142,14,2
"554",869379820,82244,"f",16.8679008696345,12,5
"555",929628017,86073,"t",29.1383148343125,16,0
"556",929628017,2343637,"t",25.2160328992843,16,0
"557",929628017,2109158,"t",29.0821364544902,16,0
"558",571064750,84611,"t",18.9463558835267,13,1
"559",595675853,85390,"f",15.3233289152124,12,1
"560",595675853,317358,"f",11.7391630460319,12,1
"561",608006478,84611,"t",30.3836727318456,18,2
"562",609398925,85390,"f",10.4335824674441,17,2
"563",619830181,2109163,"t",22.7415167195052,15,1
"564",619830181,2335902,"t",24.3096407558135,15,1
"565",619830181,2335909,"t",16.1944273659472,15,1
"566",630184302,84611,"f",14.366520365483,21,2
"567",649300362,2335902,"t",24.798612678044,13,1
"568",649300362,86069,"f",23.51514038622,13,1
"569",649300362,87508,"t",20.6016511236648,13,1
"570",658728110,81804,"t",16.6375791973342,11,4
"571",658728110,81809,"t",20.4842297727437,11,4
"572",658728110,83340,"f",8.56640285393339,11,4
"573",665164655,87786,"f",19.1557252329754,15,4
"574",665852725,2109163,"t",17.5025287097876,16,4
"575",665852725,2335902,"t",15.9355405203887,16,4
"576",665852725,2335909,"t",17.8132494121585,16,4
"577",687388121,2335909,"t",13.1562428328843,17,2
"578",691582881,86069,"t",23.8989945530904,12,5
"579",693073569,2335902,"t",20.6528327768248,13,5
"580",693073569,2335909,"t",23.2648734027018,13,5
"581",694102364,83340,"t",23.1081716585031,14,5
"582",694102364,81809,"f",18.5129501304971,14,5
"583",694102364,81804,"f",14.4433542266853,14,5
"584",701379402,87508,"f",14.0318206755012,13,5
"585",713618764,2109163,"t",24.4177423965152,15,1
"586",713618764,2335902,"t",28.815196238417,15,1
"587",713618764,2335909,"t",21.6827012360324,15,1
"588",713618764,87786,"t",14.3665897641183,15,1
"589",716599567,317358,"t",9.54445079315643,12,1
"590",716599567,85390,"t",17.1532276206202,12,1
"591",717312172,81809,"f",16.145110827337,15,5
"592",717312172,81804,"f",13.9955602713668,15,5
"593",718122054,87786,"f",9.8688236979316,8,6
"594",721686795,86069,"f",19.5542841371136,11,6
"595",723512993,317358,"f",10.4094192931286,12,6
"596",725280500,85390,"f",12.1414395746104,12,6
"597",726141838,84611,"f",3.50354897810454,10,6
"598",730878759,81809,"f",14.3813001927754,12,6
"599",730878759,81804,"f",11.6782220105331,12,6
"600",730878759,87786,"f",8.58448891168629,12,6
"601",731889837,87786,"t",11.1440724989388,15,6
"602",732341622,2109163,"t",21.1103629596369,16,6
"603",732341622,2335902,"t",27.1828186953798,16,6
"604",732341622,86069,"f",24.2885320369105,16,6
"605",732341622,87508,"t",19.9735934675417,16,6
"606",735651358,86069,"t",21.247758273683,17,6
"607",735651358,2109163,"f",26.5085452821506,17,6
"608",736206080,87786,"t",12.5194913764263,17,6
"609",748243317,84611,"f",18.7493683961055,14,1
"610",753528768,83340,"f",25.9967458310504,10,0
"611",753528768,317358,"t",19.1766782279803,10,0
"612",753528768,85390,"t",26.5599569607945,10,0
"613",756211260,81804,"t",11.5709418152926,10,0
"614",756211260,81809,"t",18.4702447173409,10,0
"615",756429790,85390,"f",22.6952397537788,13,6
"616",756429790,317358,"f",14.6934268872017,13,6
"617",759999392,2335902,"t",22.048556561318,14,0
"618",759999392,86069,"f",23.5400616616001,14,0
"619",759999392,87508,"t",24.002420942943,14,0
"620",772096043,83340,"t",14.8771599859139,14,0
"621",772096043,81809,"f",14.3909618021286,14,0
"622",772096043,81804,"f",12.2543355331073,14,0
"623",842922229,87786,"t",18.038610307442,19,4
"624",869379820,83340,"t",19.5992226564022,12,5
"625",869379820,81809,"f",13.7115300927112,12,5
"626",869401319,81809,"f",23.4301060888729,15,4
"627",869401319,81804,"f",13.8281204854561,15,4
"628",904583447,87786,"f",15.4754096062232,16,6
"629",929628017,87508,"f",21.4155759288596,16,0
"630",929628017,86069,"t",25.1403505816347,16,0
"631",570342848,567308,"f",16.4673718204152,12,1
"632",570342848,84653,"t",17.3496733651763,12,1
"633",571064750,566924,"t",22.0195212836582,13,1
"634",595675853,85395,"t",18.7433072847458,12,1
"635",595675853,84653,"f",16.5696499689832,12,1
"636",608006478,566924,"t",25.5935394127082,18,2
"637",609398925,85395,"t",10.4333380394033,17,2
"638",611913181,317517,"t",15.0441771978669,20,2
"639",612935170,567023,"t",21.0495065980648,11,1
"640",619830181,2308565,"t",16.1948851466906,15,1
"641",619830181,2308563,"t",20.8081290911889,15,1
"642",619830181,567023,"f",15.8306206071157,15,1
"643",619958143,84653,"f",21.1704857211284,13,2
"644",622522212,317517,"f",21.2753034565106,8,3
"645",629785987,317517,"t",20.7647622427458,13,3
"646",630184302,566924,"f",19.1548841296857,21,2
"647",658728110,567308,"f",20.6813385273414,11,4
"648",658728110,84653,"t",19.4115196324843,11,4
"649",659842495,567023,"t",13.0466726716559,11,4
"650",665164655,317517,"t",20.6887283308678,15,4
"651",665852725,2308565,"t",19.1911077290456,16,4
"652",665852725,2308563,"t",15.2244838003821,16,4
"653",666923520,85395,"f",16.4060199707267,15,4
"654",687388121,2308565,"t",13.1545610910883,17,2
"655",687388121,2308563,"t",17.6573543404681,17,2
"656",693073569,2308565,"t",18.0696860953142,13,5
"657",693073569,2308563,"t",20.3572704653892,13,5
"658",693474158,317517,"t",14.3520806618367,13,5
"659",701663500,567023,"t",14.4439436243564,15,5
"660",713618764,2308565,"t",21.6784869115741,15,1
"661",713618764,2308563,"t",23.6864837592931,15,1
"662",716599567,84653,"t",19.5777540451749,12,1
"663",716599567,85395,"f",16.6549911957139,12,1
"664",721686795,85395,"t",15.0326002204913,11,6
"665",723512993,567308,"t",13.8330947178879,12,6
"666",723589593,567023,"t",14.6745101249001,12,6
"667",725280500,85395,"t",8.4608227442333,12,6
"668",725280500,84653,"f",14.7791172005392,12,6
"669",725680639,567023,"t",15.6127402215147,12,6
"670",726141838,566924,"f",17.4972179448537,10,6
"671",730878759,317517,"t",14.522985056465,12,6
"672",731889837,317517,"f",12.2103088697045,15,6
"673",748243317,566924,"f",24.2350067549605,14,1
"674",753528768,567308,"f",21.3342545382164,10,0
"675",753528768,85395,"f",22.2709708039844,10,0
"676",756429790,85395,"t",18.4327041265186,13,6
"677",756429790,84653,"f",17.8081258212632,13,6
"678",756429790,567308,"t",20.3266770930396,13,6
"679",772096043,567308,"t",15.7508274683812,14,0
"680",874649619,317517,"f",17.3737218736609,13,5
"681",904583447,317517,"t",16.7088915730642,16,6
"682",570342848,83468,"f",17.1848495895068,12,1
"683",570342848,338662,"f",25.4357907484561,12,1
"684",571064750,566925,"t",22.5479416862986,13,1
"685",590055566,2343638,"t",23.0402102808434,16,1
"686",590055566,2343635,"t",21.6849393142809,16,1
"687",590055566,2343639,"t",21.5445087904913,16,1
"688",590055566,2336317,"t",22.3621093202429,16,1
"689",595675853,338662,"t",8.92355763617462,12,1
"690",608006478,566925,"t",23.538225846706,18,2
"691",619830181,2336339,"t",20.7959575676963,15,1
"692",619830181,1763642,"t",21.3014831193279,15,1
"693",619830181,2335899,"t",21.7384507425955,15,1
"694",619958143,338662,"t",0,13,2
"695",630184302,566925,"f",19.222835048918,21,2
"696",649300362,2335899,"t",22.7732143184658,13,1
"697",649300362,87499,"t",24.0204067429253,13,1
"698",658728110,81810,"t",19.883113227033,11,4
"699",658728110,83468,"f",19.2160043045932,11,4
"700",658728110,338662,"f",12.3650625355031,11,4
"701",661151488,317700,"t",12.5597793997661,12,4
"702",662191616,317700,"t",9.89194971010763,12,4
"703",665563763,317700,"f",15.5279234374022,15,4
"704",665852725,2336339,"t",20.6809975752232,16,4
"705",665852725,1763642,"t",16.3688185243113,16,4
"706",665852725,2335899,"t",14.8329582464633,16,4
"707",666923520,317700,"f",12.4130003171452,15,4
"708",667442284,2343638,"t",19.0831730886961,16,4
"709",667442284,2343635,"t",42.8219132261726,16,4
"710",667442284,2343639,"t",42.8320550085956,16,4
"711",667442284,2336317,"t",17.0607519115436,16,4
"712",691582881,87499,"f",19.6176236448322,12,5
"713",691582881,2343638,"t",19.3384588902713,12,5
"714",691582881,2343635,"t",22.227707199154,12,5
"715",691582881,2343639,"t",22.2312351514744,12,5
"716",691582881,2336317,"t",10.5726587973008,12,5
"717",693073569,2335899,"t",25.2487884937693,13,5
"718",694102364,81810,"f",19.4990076897737,14,5
"719",701379402,87499,"f",15.6013108839942,13,5
"720",713618764,2336339,"t",21.3962570935511,15,1
"721",713618764,1763642,"t",23.2018706736629,15,1
"722",713618764,2335899,"t",20.2408663092786,15,1
"723",716599567,338662,"f",5.277330636726,12,1
"724",717312172,81810,"f",17.4326685586388,15,5
"725",726141838,566925,"f",17.5061538752933,10,6
"726",729626682,317700,"t",8.22625017999694,13,6
"727",730878759,81810,"f",13.2141881713234,12,6
"728",732341622,2336339,"t",23.238824958402,16,6
"729",732341622,1763642,"t",21.6704508236912,16,6
"730",732341622,2335899,"t",26.1579933340354,16,6
"731",732341622,87499,"t",23.2450005215842,16,6
"732",735651358,87499,"f",28.630372124499,17,6
"733",735651358,2343638,"t",29.5450556983701,17,6
"734",735651358,2343635,"t",25.1528375416371,17,6
"735",735651358,2343639,"t",24.9214374025188,17,6
"736",735651358,2336317,"t",24.1246815333962,17,6
"737",735651358,1763642,"f",27.0339292989153,17,6
"738",735651358,2336339,"f",19.8058292105855,17,6
"739",748243317,566925,"f",24.2505825218752,14,1
"740",753528768,83468,"f",25.5112635243533,10,0
"741",756211260,81810,"t",15.0253361382034,10,0
"742",756429790,338662,"t",12.1624478524814,13,6
"743",756429790,83468,"t",20.148858211136,13,6
"744",759999392,2335899,"t",25.0087168610767,14,0
"745",759999392,87499,"t",25.1630315139236,14,0
"746",772096043,83468,"t",14.3146710798548,14,0
"747",772096043,81810,"f",12.2374065038796,14,0
"748",869379820,81810,"f",12.5710157440933,12,5
"749",869401319,81810,"f",16.5758161939082,15,4
"750",896112083,87499,"f",20.2226592112028,12,6
"751",929628017,87499,"f",21.5590066597226,16,0
"752",929628017,2343638,"t",17.2861506845521,16,0
"753",929628017,2343635,"t",29.0936854003866,16,0
"754",929628017,2343639,"t",29.0941658321397,16,0
"755",929628017,2336317,"t",17.6211677130271,16,0
"756",570342848,566984,"t",21.0661735421261,12,1
"757",571064750,566923,"t",21.994535516688,13,1
"758",571064750,566984,"t",27.388022075231,13,1
"759",590055566,2335908,"t",16.421617868995,16,1
"760",590055594,44408,"t",12.4131083522522,17,1
"761",601306460,44408,"f",9.48327124567992,15,2
"762",608006478,566923,"t",25.5925578221874,18,2
"763",609398925,567174,"t",0,17,2
"764",619787972,566984,"f",15.2398365882348,12,1
"765",619830181,2109159,"t",24.1074818005081,15,1
"766",619830181,2335910,"t",21.6851444839804,15,1
"767",619830181,2319548,"t",21.0991738960377,15,1
"768",622522212,87791,"t",16.5345820107284,8,3
"769",630184302,566984,"f",21.3559218290161,21,2
"770",630184302,566923,"f",18.8892176157281,21,2
"771",649300362,2109159,"t",24.5074196499974,13,1
"772",649300362,2335910,"t",21.6449749280351,13,1
"773",649300362,87496,"t",23.8869766660019,13,1
"774",649300362,87506,"t",24.4017546640407,13,1
"775",658728110,338508,"t",18.2172332602665,11,4
"776",658728110,81802,"t",8.59735541492506,11,4
"777",658728110,567174,"f",16.8427019465618,11,4
"778",659842495,2319548,"f",14.4571422652371,11,4
"779",659842495,44408,"f",15.6631348021101,11,4
"780",665164655,338833,"t",19.618849662293,15,4
"781",665164655,87791,"f",14.5293940122425,15,4
"782",665852725,2109159,"t",15.9362226794561,16,4
"783",665852725,2335910,"t",18.9727438972758,16,4
"784",667442284,2335908,"t",19.0799862138361,16,4
"785",691582881,2319548,"f",20.6040181832816,12,5
"786",691582881,87506,"f",15.4620548183593,12,5
"787",691582881,87496,"f",18.0489643355502,12,5
"788",691582881,2335908,"t",19.4179216827812,12,5
"789",693073569,2109159,"t",18.5178237251331,13,5
"790",693073569,2335910,"t",24.9344072799876,13,5
"791",693073569,2319548,"t",22.472001220543,13,5
"792",693474158,338833,"t",16.7702216113665,13,5
"793",694102364,81802,"f",20.8161131188985,14,5
"794",694102364,338508,"f",18.8435840900047,14,5
"795",701379402,87506,"f",16.2919807800125,13,5
"796",701379402,87496,"f",13.6753151042553,13,5
"797",701663500,2319548,"f",11.7816901294272,15,5
"798",701663500,44408,"f",2.09406480169107,15,5
"799",702961282,2319548,"t",18.0459652783062,17,5
"800",713618764,2109159,"t",23.5749607067796,15,1
"801",713618764,2335910,"t",20.2407154019649,15,1
"802",716599567,567174,"f",15.3567317039832,12,1
"803",717312172,81802,"f",17.2942574601736,15,5
"804",717312172,338508,"f",16.1182376841998,15,5
"805",726141838,566923,"f",17.0113083448441,10,6
"806",730878759,81802,"f",14.4589511972578,12,6
"807",730878759,338508,"f",12.8005001121227,12,6
"808",730878759,338833,"t",17.1327280128697,12,6
"809",730878759,87791,"f",9.76656023170991,12,6
"810",731889837,87791,"t",9.16429028136129,15,6
"811",731889837,338833,"f",12.6976766610398,15,6
"812",732341622,2109159,"t",25.740588580834,16,6
"813",732341622,2335910,"t",26.1678688159694,16,6
"814",732341622,87496,"t",23.3217546484943,16,6
"815",732341622,87506,"t",23.32280427054,16,6
"816",735651358,87506,"f",23.9768512729184,17,6
"817",735651358,87496,"f",24.0252760243412,17,6
"818",735651358,2335908,"t",29.5498696807226,17,6
"819",748243317,566984,"f",20.3342697927154,14,1
"820",748243317,566923,"f",23.6420291015509,14,1
"821",753528768,567174,"f",23.5755213128761,10,0
"822",756211260,338508,"t",15.1344872003519,10,0
"823",756211260,81802,"t",13.9133662480907,10,0
"824",756429790,567174,"t",28.090491613868,13,6
"825",759999392,2109159,"t",22.045452398885,14,0
"826",759999392,2335910,"t",20.1224156468042,14,0
"827",759999392,87496,"t",22.9347554303075,14,0
"828",759999392,87506,"t",21.7581303753964,14,0
"829",772096043,81802,"f",14.7456644481515,14,0
"830",772096043,338508,"f",14.4010204441967,14,0
"831",783531676,44408,"f",15.6111585062543,14,2
"832",869401319,81802,"f",11.9742789106974,15,4
"833",874649619,338833,"f",17.3729797982675,13,5
"834",896112083,87506,"f",20.2232698592801,12,6
"835",896112083,87496,"f",20.2233215034827,12,6
"836",904583447,338833,"t",19.2403050475655,16,6
"837",904583447,87791,"f",15.1172579810833,16,6
"838",929628017,87506,"f",23.600898649327,16,0
"839",929628017,87496,"f",22.7750205614562,16,0
"840",929628017,2335908,"t",14.9101373355465,16,0
"841",571064750,566935,"t",22.2052894460724,13,1
"842",571064750,566927,"t",22.8463532861134,13,1
"843",602699618,1744225,"f",17.0700308030744,15,2
"844",608006478,566935,"t",22.9773989836438,18,2
"845",608006478,566927,"t",21.4540809991831,18,2
"846",614437930,1744225,"t",8.64581380618376,13,2
"847",619830181,2336318,"t",22.1918876244117,15,1
"848",619830181,2109155,"t",24.1139520146593,15,1
"849",619830181,567045,"t",23.7237610235187,15,1
"850",630184302,566927,"f",21.009474376453,21,2
"851",630184302,566935,"f",17.9838832900191,21,2
"852",649300362,2109155,"t",24.5010336015505,13,1
"853",658728110,317209,"t",19.7932156246326,11,4
"854",659842495,567045,"f",13.0450520188253,11,4
"855",659842495,1744225,"f",17.8411552471105,11,4
"856",665852725,2336318,"t",19.8086488904067,16,4
"857",665852725,2109155,"t",15.9344606139623,16,4
"858",687975745,562939,"f",14.9994678621938,10,5
"859",691582881,567045,"f",19.7000997189841,12,5
"860",691582881,86071,"t",17.5559884807335,12,5
"861",693073569,2109155,"t",18.5188279873195,13,5
"862",693073569,567045,"t",21.3277588988654,13,5
"863",701663500,567045,"f",14.4472480418841,15,5
"864",702961282,567045,"t",15.9024300425616,17,5
"865",713618764,2336318,"t",22.8092792614026,15,1
"866",713618764,2109155,"t",23.7822020569744,15,1
"867",721686795,86071,"f",15.047510413338,11,6
"868",726141838,566927,"f",18.286358704085,10,6
"869",726141838,566935,"f",20.0080952801006,10,6
"870",730878759,317209,"f",6.16271425312958,12,6
"871",732341622,2336318,"t",23.1731345334271,16,6
"872",732341622,2109155,"t",27.175066528741,16,6
"873",732341622,86071,"f",22.8255852230027,16,6
"874",735651358,86071,"t",23.7308166393699,17,6
"875",735651358,2336318,"f",22.4059612425735,17,6
"876",748243317,566927,"f",21.5633899295613,14,1
"877",748243317,566935,"f",22.2747631784634,14,1
"878",753528768,317209,"t",27.3287813746414,10,0
"879",756211260,562939,"f",14.288491527872,10,0
"880",756211260,317209,"t",16.0360396948558,10,0
"881",759999392,2109155,"t",22.0518250803148,14,0
"882",759999392,86071,"f",18.9306691760343,14,0
"883",772096043,317209,"f",13.1836263166632,14,0
"884",783531676,1744225,"f",14.3382379249816,14,2
"885",861941743,562939,"t",24.0108322781955,13,5
"886",864580460,562939,"t",21.7439259741714,11,5
"887",897782671,1744225,"f",15.6630307042797,11,6
"888",921780267,562939,"t",13.457829044706,13,0
"889",570342848,83469,"f",20.5271769614818,12,1
"890",570342848,567310,"f",19.0920129365335,12,1
"891",590055566,2109156,"t",21.5086179425111,16,1
"892",612935170,567028,"t",19.3739958928734,11,1
"893",619830181,2336323,"t",22.1208352307373,15,1
"894",619830181,2109161,"t",19.5185399188701,15,1
"895",619830181,87782,"t",18.774720591086,15,1
"896",619830181,567028,"f",15.3908377357352,15,1
"897",619830181,2319546,"t",21.2579349383039,15,1
"898",629263188,82234,"f",11.9036505022972,12,3
"899",649300362,85908,"t",19.7457065816479,13,1
"900",649300362,86068,"f",23.9652987245094,13,1
"901",649300362,338814,"t",23.9904185984673,13,1
"902",658728110,338542,"t",15.9152482591484,11,4
"903",658728110,82234,"t",15.8582331281066,11,4
"904",658728110,82242,"t",18.2633774195954,11,4
"905",658728110,83469,"f",19.9194120966589,11,4
"906",658728110,567310,"f",21.5024823538615,11,4
"907",659842495,2319546,"f",14.4621433172947,11,4
"908",659842495,567028,"t",13.0464884487856,11,4
"909",665164655,87782,"t",19.8876477441058,15,4
"910",665852725,2336323,"t",17.3217677003849,16,4
"911",665852725,2109161,"t",25.016840528776,16,4
"912",667442284,2109156,"t",18.4731934756997,16,4
"913",691582881,2319546,"f",20.2670363731958,12,5
"914",691582881,338814,"f",19.1013265615335,12,5
"915",691582881,87297,"t",14.9638169492164,12,5
"916",691582881,86068,"t",26.0889303326141,12,5
"917",691582881,85908,"f",16.7705344836997,12,5
"918",691582881,2109156,"t",20.6756136322548,12,5
"919",693073569,2319546,"t",22.3991131452138,13,5
"920",694102364,317286,"f",21.100537825478,14,5
"921",694102364,82250,"f",24.2858691256453,14,5
"922",694102364,82242,"f",19.4639139568199,14,5
"923",694102364,82234,"f",16.0740305834266,14,5
"924",694102364,338542,"f",17.6702521673773,14,5
"925",701379402,338814,"f",15.5500823124145,13,5
"926",701663500,2319546,"f",12.6536273264159,15,5
"927",701663500,567028,"t",12.9152370922474,15,5
"928",701663500,82234,"t",12.8437669173298,15,5
"929",701663500,82242,"t",17.7150343560212,15,5
"930",702961282,2319546,"t",18.0211267371051,17,5
"931",713618764,2336323,"t",23.0259548173443,15,1
"932",713618764,2109161,"t",23.5739577791602,15,1
"933",718122054,87782,"t",16.5894306962941,8,6
"934",721686795,86068,"f",16.4818450472762,11,6
"935",721686795,87297,"f",3.68656627394394,11,6
"936",723512993,567310,"t",13.5660325293413,12,6
"937",725680639,567028,"t",14.0314691647163,12,6
"938",730878759,82234,"f",10.1747529447943,12,6
"939",730878759,338542,"f",12.443634784164,12,6
"940",730878759,87782,"t",14.1509693773107,12,6
"941",731889837,87782,"f",14.9310365909657,15,6
"942",732341622,2336323,"t",23.5843546135238,16,6
"943",732341622,2109161,"t",20.1193248348163,16,6
"944",732341622,85908,"t",27.6444269978632,16,6
"945",732341622,86068,"f",18.5692862612982,16,6
"946",732341622,87297,"f",13.2380468527934,16,6
"947",732341622,338814,"t",24.8754501979624,16,6
"948",735651358,338814,"f",25.5174077289456,17,6
"949",735651358,87297,"t",23.7205722103689,17,6
"950",735651358,86068,"t",23.9925591216018,17,6
"951",735651358,85908,"f",17.1331138697624,17,6
"952",735651358,2109156,"t",28.6190220525501,17,6
"953",735651358,2109161,"f",27.1784836861132,17,6
"954",735651358,2336323,"f",24.472397143453,17,6
"955",753528768,83313,"f",24.6266207483706,10,0
"956",753528768,82250,"t",39.249130039748,10,0
"957",753528768,317286,"t",32.5313705733748,10,0
"958",753528768,83469,"f",23.705433296037,10,0
"959",753528768,567310,"f",21.3957781453118,10,0
"960",756211260,83313,"f",14.6011200854032,10,0
"961",756211260,338542,"t",17.4922249613937,10,0
"962",756211260,82234,"t",15.2415124374252,10,0
"963",756211260,82242,"t",12.4674720384293,10,0
"964",756211260,82250,"t",18.8926760887905,10,0
"965",756429790,567310,"t",22.265968659911,13,6
"966",756429790,83469,"t",18.798735442385,13,6
"967",759999392,317286,"f",16.2538021506639,14,0
"968",759999392,85908,"t",18.2145096045722,14,0
"969",759999392,86068,"f",24.3681426278448,14,0
"970",759999392,87297,"f",22.2429626643254,14,0
"971",759999392,338814,"t",22.8426414783213,14,0
"972",772096043,567310,"t",18.0287432436457,14,0
"973",772096043,83469,"t",18.0942187831495,14,0
"974",772096043,317286,"f",16.9694164679651,14,0
"975",772096043,82250,"f",15.499672526654,14,0
"976",772096043,82242,"f",13.055393883216,14,0
"977",772096043,82234,"f",11.5880459364369,14,0
"978",772096043,338542,"f",11.7969624710017,14,0
"979",797824316,82234,"t",4.20024651828466,14,3
"980",842922229,87782,"f",19.0493881052534,19,4
"981",858683128,83313,"t",26.1907876656329,13,5
"982",861941743,83313,"t",18.9049953354047,13,5
"983",864580460,83313,"t",16.0853810719841,11,5
"984",869379820,317286,"f",17.9401277879904,12,5
"985",869379820,82242,"f",13.3660815145422,12,5
"986",869379820,82234,"f",11.1558938984909,12,5
"987",869379820,338542,"f",14.6067069124377,12,5
"988",869401319,338542,"f",23.2004166533395,15,4
"989",879374684,82250,"f",15.9143534141615,15,5
"990",896112083,338814,"f",20.2226992906064,12,6
"991",904583447,87782,"t",16.4847877603601,16,6
"992",921780267,83313,"t",14.9208086594561,13,0
"993",929628017,338814,"f",31.7306918705859,16,0
"994",929628017,86068,"t",24.1643686294165,16,0
"995",929628017,85908,"f",16.8382341897695,16,0
"996",929628017,2109156,"t",26.4219314814993,16,0
"997",570342848,83450,"f",26.9153024234052,12,1
"998",570342848,317359,"t",25.4146094389604,12,1
"999",571064750,566922,"t",21.657614312179,13,1
"1000",590055566,2109154,"t",22.3716671137055,16,1
"1001",595675853,317359,"f",8.92493049113781,12,1
"1002",608006478,566922,"t",22.1159001586003,18,2
"1003",612935170,567022,"t",19.3678800976734,11,1
"1004",619830181,1763644,"t",21.6970505858299,15,1
"1005",619830181,567022,"f",15.8376676274399,15,1
"1006",619958143,317359,"f",0,13,2
"1007",630184302,566922,"f",16.5899880357684,21,2
"1008",658728110,81798,"t",17.6140385228586,11,4
"1009",658728110,317206,"t",14.6914038433788,11,4
"1010",658728110,81803,"t",19.697816810611,11,4
"1011",658728110,83450,"f",19.8053606528167,11,4
"1012",658728110,317359,"t",12.3531344723155,11,4
"1013",659842495,567022,"t",13.0540943381911,11,4
"1014",665852725,1763644,"t",19.3644860953355,16,4
"1015",667442284,2109154,"t",19.1862330829482,16,4
"1016",687975745,562947,"f",10.8011007999536,10,5
"1017",691582797,1774415,"t",18.721481572717,15,4
"1018",691582881,2109154,"t",12.3300970557253,12,5
"1019",694102364,81803,"f",16.7307087309153,14,5
"1020",694102364,317206,"f",16.5042507943287,14,5
"1021",694102364,81798,"f",14.8288600084535,14,5
"1022",701379402,317495,"f",11.2440951843203,13,5
"1023",701663500,567022,"t",13.3745304711982,15,5
"1024",713618764,1763644,"t",21.0197337729141,15,1
"1025",716599567,317359,"t",5.27849470542543,12,1
"1026",716599567,317495,"f",17.9748407433057,12,1
"1027",717312172,317206,"f",1.74353696043109,15,5
"1028",723512993,83450,"t",17.3491715131525,12,6
"1029",723589593,567022,"t",14.1904619676688,12,6
"1030",725280500,317495,"t",13.4101746761706,12,6
"1031",725680639,567022,"t",14.0414667911721,12,6
"1032",726141838,566922,"f",15.3042142114572,10,6
"1033",730878759,81803,"f",12.1947729996976,12,6
"1034",730878759,317206,"f",10.098486651046,12,6
"1035",730878759,81798,"f",8.25466763488183,12,6
"1036",732341622,1763644,"t",26.7871862598972,16,6
"1037",735651358,2109154,"t",24.1336756631869,17,6
"1038",735651358,1763644,"f",24.1020483914044,17,6
"1039",748243317,566922,"f",22.6900341202102,14,1
"1040",753528768,1774415,"t",27.268506693848,10,0
"1041",753528768,83450,"f",22.5160956246048,10,0
"1042",753528768,317495,"f",19.5813699030678,10,0
"1043",756211260,562947,"f",9.70959663186289,10,0
"1044",756211260,81798,"t",15.4054410428367,10,0
"1045",756211260,317206,"t",9.9036197670558,10,0
"1046",756211260,81803,"t",15.1806817692716,10,0
"1047",756429790,317495,"t",17.8407091109663,13,6
"1048",756429790,317359,"f",12.1681533984783,13,6
"1049",756429790,83450,"t",20.9211984085348,13,6
"1050",772096043,83450,"t",15.8583377837531,14,0
"1051",772096043,1774415,"f",15.364662933912,14,0
"1052",772096043,81803,"f",12.2403297473722,14,0
"1053",772096043,317206,"f",8.27704674072127,14,0
"1054",772096043,81798,"f",13.0119641038153,14,0
"1055",861941715,562947,"f",14.9677717386212,13,5
"1056",861941743,562947,"t",34.1756791752171,13,5
"1057",864580460,562947,"t",30.9435101464118,11,5
"1058",869379820,1774415,"f",15.1900033662727,12,5
"1059",869379820,81803,"f",11.1535813003154,12,5
"1060",869401319,1774415,"f",21.9909275410689,15,4
"1061",869401319,81803,"f",13.271490997586,15,4
"1062",879374684,1774415,"f",15.835417421196,15,5
"1063",921780267,562947,"t",17.8837046222046,13,0
"1064",929628017,2109154,"t",20.5702427313595,16,0
